<?xml version="1.0" encoding="UTF-8"?>
<project-private xmlns="http://www.netbeans.org/ns/project-private/1">
    <editor-bookmarks xmlns="http://www.netbeans.org/ns/editor-bookmarks/2" lastBookmarkId="0"/>
    <open-files xmlns="http://www.netbeans.org/ns/projectui-open-files/2">
        <group>
            <file>file:/C:/Users/wtfmi/OneDrive/Desktop/Western%20Softeng/Second%20Year%20Eng/SE2205B/SE2205B-Lab2/Recursion/src/recursion/RecursiveStringReplace.java</file>
            <file>file:/C:/Users/wtfmi/OneDrive/Desktop/Western%20Softeng/Second%20Year%20Eng/SE2205B/SE2205B-Lab2/Recursion/src/recursion/TestFactorialController.java</file>
            <file>file:/C:/Users/wtfmi/OneDrive/Desktop/Western%20Softeng/Second%20Year%20Eng/SE2205B/SE2205B-Lab2/Recursion/src/recursion/TestReplaceController.java</file>
            <file>file:/C:/Users/wtfmi/OneDrive/Desktop/Western%20Softeng/Second%20Year%20Eng/SE2205B/SE2205B-Lab2/Recursion/src/recursion/RecursiveFibonacci.java</file>
            <file>file:/C:/Users/wtfmi/OneDrive/Desktop/Western%20Softeng/Second%20Year%20Eng/SE2205B/SE2205B-Lab2/Recursion/src/recursion/RecursiveFactorial.java</file>
            <file>file:/C:/Users/wtfmi/OneDrive/Desktop/Western%20Softeng/Second%20Year%20Eng/SE2205B/SE2205B-Lab2/Recursion/src/recursion/TestBetterFibonacciController.java</file>
            <file>file:/C:/Users/wtfmi/OneDrive/Desktop/Western%20Softeng/Second%20Year%20Eng/SE2205B/SE2205B-Lab2/Recursion/src/recursion/CountController.java</file>
            <file>file:/C:/Users/wtfmi/OneDrive/Desktop/Western%20Softeng/Second%20Year%20Eng/SE2205B/SE2205B-Lab2/Recursion/src/recursion/RecursionController.java</file>
        </group>
    </open-files>
</project-private>
